idx,orig_f_shape,orig_m_shape,harmonized_shape,CRS_match
0000,"(95, 84)","(92, 81)","(92, 81)",True
0001,"(87, 137)","(83, 134)","(83, 134)",True
0002,"(56, 52)","(53, 49)","(53, 49)",True
0003,"(74, 76)","(72, 73)","(72, 73)",True
0004,"(140, 137)","(136, 133)","(136, 133)",True
0005,"(77, 127)","(72, 124)","(72, 124)",True
0006,"(109, 118)","(105, 114)","(105, 114)",True
0007,"(84, 107)","(81, 104)","(81, 104)",True
0008,"(69, 59)","(67, 56)","(67, 56)",True
0009,"(71, 67)","(68, 64)","(68, 64)",True
0010,"(66, 60)","(63, 57)","(63, 57)",True
0011,"(95, 67)","(92, 64)","(92, 64)",True
0012,"(92, 89)","(89, 85)","(89, 85)",True
0013,"(103, 117)","(99, 114)","(99, 114)",True
0014,"(128, 125)","(124, 121)","(124, 121)",True
0015,"(87, 117)","(83, 114)","(83, 114)",True
0016,"(98, 108)","(95, 105)","(95, 105)",True
0017,"(84, 103)","(80, 99)","(80, 99)",True
0018,"(88, 82)","(84, 79)","(84, 79)",True
0019,"(95, 83)","(92, 80)","(92, 80)",True
0020,"(73, 65)","(70, 63)","(70, 63)",True
0021,"(102, 100)","(98, 96)","(98, 96)",True
0022,"(69, 75)","(67, 72)","(67, 72)",True
0023,"(80, 96)","(76, 93)","(76, 93)",True
0024,"(87, 68)","(84, 65)","(84, 65)",True
0025,"(62, 59)","(59, 56)","(59, 56)",True
0026,"(66, 66)","(63, 63)","(63, 63)",True
0027,"(61, 60)","(59, 57)","(59, 57)",True
0028,"(65, 62)","(62, 59)","(62, 59)",True
0029,"(146, 107)","(143, 102)","(143, 102)",True
0030,"(66, 79)","(64, 76)","(64, 76)",True
0031,"(86, 82)","(83, 79)","(83, 79)",True
0032,"(58, 62)","(55, 60)","(55, 60)",True
0034,"(99, 73)","(95, 70)","(95, 70)",True
0035,"(76, 87)","(72, 84)","(72, 84)",True
0036,"(83, 79)","(80, 76)","(80, 76)",True
0038,"(73, 65)","(70, 62)","(70, 62)",True
0039,"(51, 57)","(49, 54)","(49, 54)",True
0040,"(90, 101)","(87, 98)","(87, 98)",True
0041,"(104, 112)","(100, 108)","(100, 108)",True
0042,"(85, 85)","(82, 82)","(82, 82)",True
0043,"(79, 93)","(75, 90)","(75, 90)",True
0044,"(109, 89)","(106, 85)","(106, 85)",True
0045,"(107, 81)","(104, 77)","(104, 77)",True
0046,"(78, 72)","(76, 69)","(76, 69)",True
0047,"(91, 97)","(87, 93)","(87, 93)",True
0048,"(75, 73)","(72, 70)","(72, 70)",True
0049,"(81, 78)","(77, 74)","(77, 74)",True
0050,"(65, 60)","(63, 57)","(63, 57)",True
0051,"(82, 70)","(79, 66)","(79, 66)",True
0052,"(98, 82)","(96, 79)","(96, 79)",True
0053,"(71, 66)","(68, 64)","(68, 64)",True
0054,"(66, 62)","(63, 59)","(63, 59)",True
0055,"(78, 70)","(76, 67)","(76, 67)",True
0056,"(73, 70)","(70, 67)","(70, 67)",True
0057,"(58, 60)","(55, 57)","(55, 57)",True
0058,"(121, 110)","(118, 106)","(118, 106)",True
0059,"(80, 106)","(77, 102)","(77, 102)",True
0060,"(67, 77)","(63, 74)","(63, 74)",True
0061,"(81, 143)","(76, 139)","(76, 139)",True
0062,"(83, 125)","(79, 122)","(79, 122)",True
0063,"(67, 81)","(63, 78)","(63, 78)",True
0064,"(72, 71)","(69, 69)","(69, 69)",True
0065,"(59, 69)","(56, 66)","(56, 66)",True
0066,"(58, 61)","(56, 58)","(56, 58)",True
0067,"(58, 63)","(55, 60)","(55, 60)",True
0068,"(71, 74)","(68, 72)","(68, 72)",True
0069,"(61, 61)","(58, 59)","(58, 59)",True
0070,"(58, 70)","(55, 68)","(55, 68)",True
0071,"(56, 73)","(53, 70)","(53, 70)",True
0072,"(61, 63)","(58, 60)","(58, 60)",True
0073,"(64, 78)","(61, 75)","(61, 75)",True
0074,"(66, 72)","(63, 70)","(63, 70)",True
0075,"(78, 95)","(74, 91)","(74, 91)",True
0076,"(72, 73)","(69, 70)","(69, 70)",True
0077,"(70, 68)","(66, 65)","(66, 65)",True
0078,"(69, 74)","(65, 72)","(65, 72)",True
0079,"(77, 61)","(75, 58)","(75, 58)",True
0080,"(112, 134)","(107, 130)","(107, 130)",True
0081,"(72, 95)","(69, 92)","(69, 92)",True
0082,"(85, 74)","(82, 71)","(82, 71)",True
0083,"(78, 82)","(74, 79)","(74, 79)",True
0084,"(53, 60)","(50, 57)","(50, 57)",True
0085,"(58, 75)","(55, 73)","(55, 73)",True
0086,"(81, 76)","(78, 73)","(78, 73)",True
0087,"(61, 65)","(58, 62)","(58, 62)",True
0088,"(76, 74)","(72, 71)","(72, 71)",True
0089,"(60, 67)","(57, 64)","(57, 64)",True
0090,"(78, 73)","(74, 70)","(74, 70)",True
0091,"(54, 64)","(51, 62)","(51, 62)",True
0093,"(65, 65)","(61, 62)","(61, 62)",True
0094,"(83, 98)","(79, 94)","(79, 94)",True
0096,"(93, 76)","(89, 72)","(89, 72)",True
0097,"(76, 73)","(73, 69)","(73, 69)",True
0098,"(96, 91)","(91, 87)","(91, 87)",True
0099,"(133, 150)","(128, 145)","(128, 145)",True
0100,"(83, 83)","(80, 79)","(80, 79)",True
0101,"(100, 87)","(96, 82)","(96, 82)",True
0102,"(70, 63)","(67, 59)","(67, 59)",True
0103,"(72, 74)","(69, 70)","(69, 70)",True
0104,"(82, 72)","(79, 69)","(79, 69)",True
0105,"(137, 112)","(133, 108)","(133, 108)",True
0106,"(153, 160)","(148, 155)","(148, 155)",True
0107,"(74, 71)","(71, 68)","(71, 68)",True
0108,"(60, 58)","(57, 56)","(57, 56)",True
0109,"(57, 66)","(54, 63)","(54, 63)",True
0110,"(65, 69)","(62, 65)","(62, 65)",True
0111,"(79, 85)","(75, 82)","(75, 82)",True
0112,"(63, 75)","(60, 72)","(60, 72)",True
0113,"(67, 68)","(65, 64)","(65, 64)",True
0114,"(77, 91)","(73, 87)","(73, 87)",True
0115,"(138, 140)","(133, 135)","(133, 135)",True
0116,"(98, 72)","(95, 68)","(95, 68)",True
0117,"(87, 79)","(83, 75)","(83, 75)",True
0118,"(85, 107)","(80, 103)","(80, 103)",True
0119,"(74, 89)","(70, 86)","(70, 86)",True
0120,"(64, 66)","(61, 63)","(61, 63)",True
0121,"(79, 89)","(75, 85)","(75, 85)",True
0122,"(58, 68)","(55, 65)","(55, 65)",True
0123,"(64, 76)","(61, 73)","(61, 73)",True
0124,"(116, 84)","(112, 80)","(112, 80)",True
0125,"(93, 110)","(89, 106)","(89, 106)",True
0126,"(73, 107)","(69, 104)","(69, 104)",True
0127,"(91, 131)","(86, 127)","(86, 127)",True
0128,"(139, 177)","(133, 172)","(133, 172)",True
0129,"(81, 97)","(77, 93)","(77, 93)",True
0130,"(69, 80)","(65, 77)","(65, 77)",True
0133,"(73, 108)","(69, 105)","(69, 105)",True
0134,"(67, 64)","(64, 62)","(64, 62)",True
0135,"(76, 71)","(73, 68)","(73, 68)",True
0136,"(77, 69)","(74, 65)","(74, 65)",True
0137,"(62, 78)","(59, 75)","(59, 75)",True
0138,"(75, 86)","(72, 83)","(72, 83)",True
0139,"(82, 84)","(78, 80)","(78, 80)",True
0140,"(83, 97)","(79, 94)","(79, 94)",True
0141,"(87, 124)","(83, 121)","(83, 121)",True
0142,"(80, 93)","(76, 90)","(76, 90)",True
0143,"(110, 148)","(106, 144)","(106, 144)",True
0144,"(95, 122)","(92, 118)","(92, 118)",True
0145,"(70, 82)","(67, 79)","(67, 79)",True
0146,"(67, 68)","(63, 65)","(63, 65)",True
0147,"(62, 65)","(59, 62)","(59, 62)",True
0148,"(81, 73)","(78, 70)","(78, 70)",True
0149,"(77, 72)","(74, 68)","(74, 68)",True
0151,"(100, 77)","(96, 73)","(96, 73)",True
0152,"(64, 60)","(61, 58)","(61, 58)",True
0153,"(57, 56)","(55, 52)","(55, 52)",True
0154,"(105, 109)","(101, 105)","(101, 105)",True
0155,"(100, 115)","(96, 111)","(96, 111)",True
0157,"(77, 108)","(73, 104)","(73, 104)",True
0158,"(76, 112)","(72, 109)","(72, 109)",True
0159,"(77, 112)","(73, 109)","(73, 109)",True
0161,"(77, 68)","(74, 65)","(74, 65)",True
0162,"(80, 84)","(76, 81)","(76, 81)",True
0163,"(65, 92)","(61, 89)","(61, 89)",True
0164,"(63, 67)","(60, 64)","(60, 64)",True
0165,"(67, 77)","(64, 73)","(64, 73)",True
0166,"(68, 91)","(64, 88)","(64, 88)",True
0167,"(77, 102)","(73, 100)","(73, 100)",True
0168,"(122, 126)","(118, 122)","(118, 122)",True
0169,"(123, 93)","(119, 89)","(119, 89)",True
0170,"(77, 121)","(72, 118)","(72, 118)",True
0171,"(61, 64)","(58, 61)","(58, 61)",True
0172,"(97, 72)","(94, 69)","(94, 69)",True
0173,"(77, 67)","(75, 63)","(75, 63)",True
0174,"(126, 68)","(123, 64)","(123, 64)",True
0175,"(84, 73)","(80, 69)","(80, 69)",True
0176,"(91, 91)","(88, 87)","(88, 87)",True
0177,"(49, 53)","(46, 50)","(46, 50)",True
0178,"(71, 78)","(69, 74)","(69, 74)",True
0179,"(157, 112)","(153, 106)","(153, 106)",True
0180,"(157, 128)","(153, 123)","(153, 123)",True
0181,"(103, 118)","(99, 114)","(99, 114)",True
0182,"(77, 79)","(73, 77)","(73, 77)",True
0183,"(111, 141)","(106, 137)","(106, 137)",True
0184,"(86, 106)","(82, 103)","(82, 103)",True
0185,"(80, 84)","(77, 81)","(77, 81)",True
0186,"(70, 80)","(66, 77)","(66, 77)",True
0187,"(84, 68)","(81, 65)","(81, 65)",True
0188,"(91, 76)","(87, 72)","(87, 72)",True
0189,"(76, 74)","(73, 71)","(73, 71)",True
0190,"(79, 87)","(76, 84)","(76, 84)",True
0191,"(79, 68)","(76, 65)","(76, 65)",True
0192,"(92, 89)","(89, 85)","(89, 85)",True
0194,"(66, 69)","(64, 66)","(64, 66)",True
0195,"(63, 66)","(60, 64)","(60, 64)",True
0196,"(68, 68)","(65, 65)","(65, 65)",True
0197,"(89, 81)","(86, 78)","(86, 78)",True
0198,"(76, 66)","(73, 63)","(73, 63)",True
0199,"(90, 71)","(87, 68)","(87, 68)",True
0200,"(65, 69)","(63, 66)","(63, 66)",True
0201,"(55, 70)","(51, 67)","(51, 67)",True
0202,"(112, 81)","(108, 77)","(108, 77)",True
0203,"(60, 75)","(57, 72)","(57, 72)",True
0204,"(76, 91)","(73, 88)","(73, 88)",True
0205,"(105, 94)","(102, 90)","(102, 90)",True
0206,"(76, 78)","(73, 75)","(73, 75)",True
0207,"(126, 102)","(122, 98)","(122, 98)",True
0208,"(116, 69)","(113, 65)","(113, 65)",True
0209,"(103, 104)","(98, 100)","(98, 100)",True
0210,"(168, 163)","(162, 157)","(162, 157)",True
0211,"(134, 121)","(129, 116)","(129, 116)",True
0212,"(72, 64)","(69, 61)","(69, 61)",True
0213,"(73, 63)","(70, 60)","(70, 60)",True
0214,"(192, 165)","(186, 158)","(186, 158)",True
0215,"(150, 124)","(145, 119)","(145, 119)",True
0220,"(76, 72)","(74, 68)","(74, 68)",True
0221,"(106, 94)","(102, 90)","(102, 90)",True
0222,"(153, 94)","(149, 88)","(149, 88)",True
0223,"(116, 96)","(113, 92)","(113, 92)",True
0224,"(115, 107)","(110, 102)","(110, 102)",True
0225,"(90, 106)","(86, 102)","(86, 102)",True
0226,"(116, 183)","(110, 179)","(110, 179)",True
0227,"(87, 93)","(83, 90)","(83, 90)",True
0228,"(153, 145)","(148, 140)","(148, 140)",True
0229,"(56, 64)","(53, 61)","(53, 61)",True
0230,"(124, 137)","(120, 133)","(120, 133)",True
0231,"(137, 164)","(132, 160)","(132, 160)",True
0232,"(130, 140)","(125, 136)","(125, 136)",True
0233,"(110, 179)","(104, 175)","(104, 175)",True
0234,"(102, 113)","(98, 110)","(98, 110)",True
0235,"(94, 97)","(90, 93)","(90, 93)",True
0236,"(81, 106)","(78, 103)","(78, 103)",True
0237,"(80, 71)","(77, 68)","(77, 68)",True
0238,"(66, 98)","(63, 95)","(63, 95)",True
0239,"(63, 76)","(60, 73)","(60, 73)",True
0240,"(107, 65)","(104, 61)","(104, 61)",True
0241,"(101, 72)","(98, 68)","(98, 68)",True
0242,"(135, 125)","(130, 120)","(130, 120)",True
0243,"(74, 66)","(71, 62)","(71, 62)",True
0244,"(134, 180)","(128, 176)","(128, 176)",True
0245,"(155, 138)","(151, 132)","(151, 132)",True
0247,"(197, 183)","(191, 177)","(191, 177)",True
0248,"(86, 64)","(84, 61)","(84, 61)",True
0249,"(120, 91)","(116, 87)","(116, 87)",True
0250,"(99, 114)","(95, 111)","(95, 111)",True
0251,"(94, 80)","(91, 77)","(91, 77)",True
0252,"(128, 132)","(123, 127)","(123, 127)",True
0253,"(95, 108)","(91, 104)","(91, 104)",True
0254,"(122, 151)","(118, 148)","(118, 148)",True
0255,"(129, 125)","(125, 121)","(125, 121)",True
0257,"(125, 115)","(121, 111)","(121, 111)",True
0258,"(62, 81)","(59, 78)","(59, 78)",True
0259,"(85, 244)","(78, 241)","(78, 241)",True
0260,"(108, 153)","(104, 149)","(104, 149)",True
0261,"(61, 69)","(59, 67)","(59, 67)",True
0262,"(128, 93)","(124, 89)","(124, 89)",True
0263,"(85, 108)","(80, 105)","(80, 105)",True
0264,"(116, 150)","(111, 146)","(111, 146)",True
0265,"(75, 122)","(71, 119)","(71, 119)",True
0266,"(102, 110)","(99, 106)","(99, 106)",True
0267,"(88, 97)","(84, 93)","(84, 93)",True
0268,"(152, 139)","(146, 135)","(146, 135)",True
0269,"(109, 142)","(104, 137)","(104, 137)",True
0270,"(69, 101)","(65, 98)","(65, 98)",True
0271,"(79, 95)","(75, 92)","(75, 92)",True
0272,"(117, 173)","(111, 169)","(111, 169)",True
0273,"(89, 88)","(86, 84)","(86, 84)",True
0274,"(78, 91)","(75, 87)","(75, 87)",True
0275,"(82, 152)","(77, 148)","(77, 148)",True
0276,"(111, 107)","(107, 103)","(107, 103)",True
0277,"(71, 72)","(67, 69)","(67, 69)",True
0278,"(148, 149)","(143, 143)","(143, 143)",True
0279,"(82, 55)","(80, 52)","(80, 52)",True
0280,"(159, 222)","(152, 217)","(152, 217)",True
0281,"(107, 119)","(102, 115)","(102, 115)",True
0282,"(76, 62)","(73, 58)","(73, 58)",True
0283,"(108, 119)","(103, 115)","(103, 115)",True
0285,"(114, 114)","(109, 109)","(109, 109)",True
0286,"(296, 186)","(289, 177)","(289, 177)",True
0287,"(146, 200)","(139, 194)","(139, 194)",True
0288,"(254, 124)","(250, 115)","(250, 115)",True
0289,"(142, 124)","(137, 119)","(137, 119)",True
0290,"(87, 98)","(83, 94)","(83, 94)",True
0291,"(115, 141)","(110, 136)","(110, 136)",True
0292,"(121, 107)","(116, 102)","(116, 102)",True
0293,"(172, 321)","(162, 316)","(162, 316)",True
0294,"(205, 332)","(193, 325)","(193, 325)",True
0295,"(209, 291)","(199, 284)","(199, 284)",True
0296,"(98, 121)","(93, 117)","(93, 117)",True
0297,"(110, 173)","(104, 168)","(104, 168)",True
0298,"(140, 114)","(135, 109)","(135, 109)",True
0299,"(104, 104)","(100, 99)","(100, 99)",True
0300,"(77, 76)","(74, 73)","(74, 73)",True
0301,"(129, 88)","(125, 84)","(125, 84)",True
0302,"(120, 125)","(116, 121)","(116, 121)",True
0303,"(190, 179)","(184, 173)","(184, 173)",True
0304,"(125, 127)","(120, 123)","(120, 123)",True
0305,"(72, 73)","(69, 70)","(69, 70)",True
0306,"(78, 80)","(75, 76)","(75, 76)",True
0307,"(90, 67)","(87, 64)","(87, 64)",True
0308,"(57, 58)","(53, 55)","(53, 55)",True
0309,"(110, 143)","(106, 140)","(106, 140)",True
0310,"(100, 139)","(96, 135)","(96, 135)",True
0311,"(89, 121)","(85, 118)","(85, 118)",True
0312,"(129, 153)","(124, 149)","(124, 149)",True
0313,"(94, 126)","(89, 122)","(89, 122)",True
0314,"(117, 94)","(113, 90)","(113, 90)",True
0315,"(80, 93)","(77, 90)","(77, 90)",True
0316,"(113, 118)","(109, 113)","(109, 113)",True
0317,"(92, 128)","(87, 125)","(87, 125)",True
0318,"(143, 100)","(138, 94)","(138, 94)",True
0319,"(68, 82)","(64, 79)","(64, 79)",True
0320,"(72, 76)","(68, 72)","(68, 72)",True
0321,"(82, 83)","(79, 79)","(79, 79)",True
0322,"(67, 88)","(63, 85)","(63, 85)",True
0323,"(128, 105)","(123, 99)","(123, 99)",True
0324,"(104, 175)","(97, 171)","(97, 171)",True
0325,"(78, 92)","(74, 88)","(74, 88)",True
0326,"(131, 126)","(126, 122)","(126, 122)",True
0327,"(92, 64)","(88, 60)","(88, 60)",True
0328,"(67, 67)","(64, 63)","(64, 63)",True
0329,"(74, 82)","(71, 79)","(71, 79)",True
0330,"(91, 82)","(88, 79)","(88, 79)",True
0331,"(90, 73)","(87, 70)","(87, 70)",True
0332,"(64, 80)","(61, 77)","(61, 77)",True
0333,"(72, 67)","(69, 64)","(69, 64)",True
0334,"(120, 115)","(116, 111)","(116, 111)",True
0335,"(93, 71)","(90, 67)","(90, 67)",True
0336,"(67, 76)","(63, 74)","(63, 74)",True
0337,"(59, 83)","(56, 81)","(56, 81)",True
0338,"(113, 145)","(109, 141)","(109, 141)",True
0339,"(67, 83)","(64, 80)","(64, 80)",True
0340,"(95, 92)","(92, 88)","(92, 88)",True
0341,"(101, 101)","(97, 98)","(97, 98)",True
0342,"(141, 143)","(136, 139)","(136, 139)",True
0343,"(94, 85)","(90, 82)","(90, 82)",True
0344,"(182, 139)","(177, 135)","(177, 135)",True
0345,"(252, 177)","(248, 170)","(248, 170)",True
0346,"(138, 164)","(133, 160)","(133, 160)",True
0347,"(163, 128)","(159, 123)","(159, 123)",True
0348,"(119, 104)","(115, 101)","(115, 101)",True
0349,"(76, 85)","(72, 82)","(72, 82)",True
0350,"(147, 146)","(143, 142)","(143, 142)",True
0351,"(67, 84)","(64, 81)","(64, 81)",True
0352,"(144, 138)","(140, 134)","(140, 134)",True
0353,"(89, 92)","(86, 88)","(86, 88)",True
0354,"(100, 109)","(97, 106)","(97, 106)",True
0355,"(137, 160)","(133, 156)","(133, 156)",True
0356,"(126, 165)","(121, 161)","(121, 161)",True
0357,"(63, 79)","(60, 77)","(60, 77)",True
0358,"(86, 113)","(82, 109)","(82, 109)",True
0360,"(100, 106)","(96, 103)","(96, 103)",True
0361,"(66, 76)","(64, 73)","(64, 73)",True
0362,"(79, 65)","(77, 62)","(77, 62)",True
0363,"(78, 73)","(75, 70)","(75, 70)",True
0364,"(72, 76)","(69, 73)","(69, 73)",True
0365,"(106, 86)","(102, 81)","(102, 81)",True
0366,"(82, 57)","(79, 54)","(79, 54)",True
0367,"(56, 49)","(53, 46)","(53, 46)",True
0368,"(55, 52)","(52, 50)","(52, 50)",True
0369,"(53, 52)","(51, 49)","(51, 49)",True
0370,"(64, 76)","(61, 73)","(61, 73)",True
0371,"(60, 59)","(58, 56)","(58, 56)",True
0372,"(106, 82)","(103, 78)","(103, 78)",True
0373,"(79, 65)","(77, 62)","(77, 62)",True
0374,"(73, 57)","(70, 53)","(70, 53)",True
0375,"(86, 71)","(83, 68)","(83, 68)",True
0376,"(63, 61)","(61, 58)","(61, 58)",True
0377,"(111, 67)","(108, 63)","(108, 63)",True
0378,"(62, 61)","(59, 58)","(59, 58)",True
0379,"(67, 61)","(64, 59)","(64, 59)",True
0380,"(60, 60)","(57, 57)","(57, 57)",True
0381,"(79, 93)","(75, 90)","(75, 90)",True
0382,"(57, 64)","(54, 61)","(54, 61)",True
0383,"(80, 73)","(77, 70)","(77, 70)",True
0384,"(59, 60)","(56, 57)","(56, 57)",True
0385,"(61, 67)","(58, 64)","(58, 64)",True
0386,"(53, 55)","(50, 51)","(50, 51)",True
0387,"(61, 77)","(58, 74)","(58, 74)",True
0388,"(66, 77)","(63, 73)","(63, 73)",True
0389,"(69, 71)","(66, 68)","(66, 68)",True
0390,"(74, 74)","(70, 72)","(70, 72)",True
0391,"(67, 61)","(64, 58)","(64, 58)",True
0392,"(84, 62)","(81, 58)","(81, 58)",True
0393,"(84, 62)","(80, 58)","(80, 58)",True
0394,"(75, 71)","(72, 68)","(72, 68)",True
0395,"(60, 65)","(57, 62)","(57, 62)",True
0396,"(57, 55)","(54, 52)","(54, 52)",True
0397,"(74, 101)","(70, 98)","(70, 98)",True
0398,"(58, 70)","(55, 68)","(55, 68)",True
0399,"(70, 52)","(67, 48)","(67, 48)",True
0400,"(55, 65)","(52, 62)","(52, 62)",True
0401,"(50, 54)","(47, 52)","(47, 52)",True
0402,"(120, 89)","(117, 85)","(117, 85)",True
0403,"(60, 62)","(57, 59)","(57, 59)",True
0404,"(78, 59)","(75, 56)","(75, 56)",True
0405,"(87, 81)","(85, 78)","(85, 78)",True
0406,"(73, 100)","(69, 97)","(69, 97)",True
0407,"(90, 124)","(85, 121)","(85, 121)",True
0408,"(57, 60)","(54, 57)","(54, 57)",True
0409,"(61, 62)","(58, 60)","(58, 60)",True
0410,"(66, 78)","(63, 76)","(63, 76)",True
0411,"(89, 133)","(86, 129)","(86, 129)",True
0412,"(84, 89)","(81, 85)","(81, 85)",True
0413,"(84, 76)","(81, 73)","(81, 73)",True
0414,"(63, 75)","(60, 72)","(60, 72)",True
0415,"(63, 83)","(60, 81)","(60, 81)",True
0416,"(83, 65)","(80, 62)","(80, 62)",True
0417,"(62, 66)","(60, 64)","(60, 64)",True
0418,"(55, 56)","(53, 53)","(53, 53)",True
0419,"(69, 67)","(66, 64)","(66, 64)",True
0420,"(59, 66)","(56, 64)","(56, 64)",True
0421,"(52, 58)","(49, 56)","(49, 56)",True
0422,"(52, 75)","(49, 73)","(49, 73)",True
0423,"(63, 67)","(60, 65)","(60, 65)",True
0424,"(77, 75)","(74, 72)","(74, 72)",True
0425,"(83, 65)","(80, 62)","(80, 62)",True
0426,"(93, 60)","(91, 57)","(91, 57)",True
0427,"(84, 76)","(82, 73)","(82, 73)",True
0428,"(64, 99)","(61, 95)","(61, 95)",True
0429,"(64, 53)","(61, 50)","(61, 50)",True
0430,"(64, 54)","(61, 51)","(61, 51)",True
0431,"(82, 60)","(79, 57)","(79, 57)",True
0432,"(71, 60)","(68, 57)","(68, 57)",True
0433,"(64, 63)","(62, 61)","(62, 61)",True
0434,"(78, 95)","(75, 92)","(75, 92)",True
0435,"(69, 83)","(66, 80)","(66, 80)",True
0436,"(71, 120)","(67, 117)","(67, 117)",True
0437,"(88, 83)","(85, 80)","(85, 80)",True
0438,"(116, 83)","(114, 79)","(114, 79)",True
0439,"(109, 87)","(106, 83)","(106, 83)",True
0440,"(77, 107)","(73, 104)","(73, 104)",True
0441,"(75, 73)","(72, 69)","(72, 69)",True
0442,"(74, 101)","(70, 98)","(70, 98)",True
0443,"(65, 67)","(62, 64)","(62, 64)",True
0444,"(67, 59)","(64, 56)","(64, 56)",True
0445,"(98, 67)","(95, 63)","(95, 63)",True
0446,"(73, 93)","(69, 89)","(69, 89)",True
0447,"(70, 67)","(67, 64)","(67, 64)",True
0448,"(79, 57)","(76, 54)","(76, 54)",True
0449,"(53, 54)","(50, 51)","(50, 51)",True
0450,"(84, 85)","(80, 82)","(80, 82)",True
0451,"(158, 155)","(153, 150)","(153, 150)",True
0452,"(102, 67)","(99, 64)","(99, 64)",True
0453,"(75, 69)","(71, 65)","(71, 65)",True
0454,"(60, 52)","(57, 50)","(57, 50)",True
0455,"(79, 71)","(76, 67)","(76, 67)",True
0456,"(78, 63)","(75, 60)","(75, 60)",True
0457,"(70, 56)","(67, 53)","(67, 53)",True
0458,"(70, 62)","(67, 59)","(67, 59)",True
0459,"(80, 73)","(77, 70)","(77, 70)",True
0460,"(60, 60)","(57, 57)","(57, 57)",True
0461,"(76, 75)","(73, 72)","(73, 72)",True
0462,"(68, 83)","(65, 79)","(65, 79)",True
0463,"(88, 76)","(85, 72)","(85, 72)",True
0464,"(59, 59)","(56, 56)","(56, 56)",True
0465,"(57, 66)","(54, 63)","(54, 63)",True
0466,"(78, 85)","(75, 81)","(75, 81)",True
0467,"(64, 132)","(59, 128)","(59, 128)",True
0468,"(69, 73)","(66, 70)","(66, 70)",True
0469,"(99, 78)","(96, 74)","(96, 74)",True
0470,"(72, 74)","(69, 71)","(69, 71)",True
0471,"(88, 86)","(84, 83)","(84, 83)",True
0472,"(83, 74)","(79, 70)","(79, 70)",True
0473,"(58, 59)","(55, 56)","(55, 56)",True
0474,"(78, 71)","(74, 67)","(74, 67)",True
0475,"(98, 64)","(95, 61)","(95, 61)",True
0476,"(73, 60)","(71, 57)","(71, 57)",True
0477,"(66, 85)","(63, 82)","(63, 82)",True
0478,"(82, 96)","(78, 92)","(78, 92)",True
0479,"(115, 100)","(111, 95)","(111, 95)",True
0480,"(71, 78)","(67, 75)","(67, 75)",True
0481,"(72, 55)","(70, 52)","(70, 52)",True
0482,"(53, 53)","(50, 51)","(50, 51)",True
0483,"(91, 105)","(87, 101)","(87, 101)",True
0484,"(122, 115)","(117, 111)","(117, 111)",True
0485,"(102, 77)","(98, 73)","(98, 73)",True
0486,"(110, 87)","(106, 82)","(106, 82)",True
0487,"(72, 67)","(69, 63)","(69, 63)",True
0488,"(96, 88)","(92, 84)","(92, 84)",True
0489,"(61, 51)","(58, 49)","(58, 49)",True
0490,"(98, 74)","(94, 70)","(94, 70)",True
0491,"(145, 80)","(141, 74)","(141, 74)",True
0492,"(64, 63)","(61, 60)","(61, 60)",True
0493,"(88, 70)","(85, 66)","(85, 66)",True
0494,"(52, 66)","(49, 62)","(49, 62)",True
0495,"(53, 64)","(50, 60)","(50, 60)",True
0496,"(58, 61)","(55, 58)","(55, 58)",True
0497,"(60, 63)","(57, 60)","(57, 60)",True
0498,"(56, 60)","(53, 57)","(53, 57)",True
0499,"(52, 61)","(49, 58)","(49, 58)",True
0500,"(63, 59)","(60, 56)","(60, 56)",True
0501,"(60, 68)","(57, 65)","(57, 65)",True
0502,"(93, 85)","(90, 81)","(90, 81)",True
0503,"(85, 65)","(82, 60)","(82, 60)",True
0504,"(92, 67)","(88, 63)","(88, 63)",True
0505,"(125, 241)","(117, 237)","(117, 237)",True
0506,"(56, 62)","(53, 59)","(53, 59)",True
0507,"(62, 81)","(58, 78)","(58, 78)",True
0508,"(62, 71)","(58, 68)","(58, 68)",True
0509,"(115, 98)","(111, 93)","(111, 93)",True
0510,"(106, 95)","(101, 91)","(101, 91)",True
0511,"(157, 102)","(152, 96)","(152, 96)",True
0512,"(61, 80)","(57, 77)","(57, 77)",True
0513,"(92, 86)","(89, 82)","(89, 82)",True
0514,"(73, 79)","(69, 75)","(69, 75)",True
0515,"(70, 78)","(67, 74)","(67, 74)",True
0516,"(57, 67)","(53, 63)","(53, 63)",True
0517,"(68, 92)","(64, 89)","(64, 89)",True
0518,"(62, 76)","(58, 73)","(58, 73)",True
0519,"(98, 99)","(93, 95)","(93, 95)",True
0520,"(59, 98)","(54, 95)","(54, 95)",True
0521,"(89, 71)","(85, 67)","(85, 67)",True
0522,"(81, 85)","(77, 81)","(77, 81)",True
0523,"(100, 103)","(95, 98)","(95, 98)",True
0524,"(122, 116)","(117, 111)","(117, 111)",True
0525,"(99, 117)","(95, 113)","(95, 113)",True
0526,"(118, 76)","(114, 72)","(114, 72)",True
0527,"(78, 96)","(75, 92)","(75, 92)",True
0528,"(141, 110)","(137, 105)","(137, 105)",True
0529,"(91, 107)","(87, 103)","(87, 103)",True
0530,"(61, 67)","(58, 64)","(58, 64)",True
0531,"(60, 71)","(58, 69)","(58, 69)",True
0532,"(247, 184)","(242, 178)","(242, 178)",True
0533,"(89, 103)","(85, 101)","(85, 101)",True
0534,"(80, 69)","(77, 66)","(77, 66)",True
0535,"(65, 91)","(62, 89)","(62, 89)",True
0536,"(78, 75)","(75, 72)","(75, 72)",True
0537,"(126, 84)","(123, 79)","(123, 79)",True
0538,"(70, 65)","(68, 62)","(68, 62)",True
0539,"(91, 107)","(87, 103)","(87, 103)",True
0540,"(117, 99)","(114, 95)","(114, 95)",True
0541,"(112, 85)","(110, 81)","(110, 81)",True
0542,"(91, 72)","(88, 68)","(88, 68)",True
0543,"(98, 105)","(93, 101)","(93, 101)",True
0544,"(89, 95)","(85, 91)","(85, 91)",True
0545,"(74, 69)","(70, 66)","(70, 66)",True
0546,"(74, 76)","(70, 73)","(70, 73)",True
0547,"(86, 71)","(82, 66)","(82, 66)",True
0548,"(52, 56)","(49, 53)","(49, 53)",True
0549,"(84, 67)","(80, 62)","(80, 62)",True
0550,"(73, 83)","(69, 80)","(69, 80)",True
0551,"(68, 69)","(65, 65)","(65, 65)",True
0552,"(114, 109)","(111, 106)","(111, 106)",True
0553,"(61, 83)","(57, 80)","(57, 80)",True
0554,"(57, 63)","(54, 61)","(54, 61)",True
0555,"(86, 76)","(83, 73)","(83, 73)",True
0556,"(109, 122)","(104, 117)","(104, 117)",True
0557,"(95, 103)","(91, 99)","(91, 99)",True
0558,"(67, 76)","(64, 73)","(64, 73)",True
0559,"(72, 94)","(69, 92)","(69, 92)",True
0560,"(67, 69)","(65, 67)","(65, 67)",True
0561,"(94, 109)","(91, 106)","(91, 106)",True
0562,"(94, 66)","(91, 63)","(91, 63)",True
0563,"(66, 54)","(63, 51)","(63, 51)",True
0564,"(70, 71)","(67, 68)","(67, 68)",True
0565,"(64, 61)","(61, 58)","(61, 58)",True
0566,"(71, 62)","(68, 59)","(68, 59)",True
0567,"(58, 69)","(55, 66)","(55, 66)",True
0568,"(94, 84)","(90, 81)","(90, 81)",True
0569,"(68, 55)","(65, 52)","(65, 52)",True
0570,"(58, 71)","(55, 68)","(55, 68)",True
0571,"(91, 115)","(87, 112)","(87, 112)",True
0572,"(59, 69)","(55, 66)","(55, 66)",True
0573,"(57, 60)","(54, 57)","(54, 57)",True
0574,"(54, 57)","(51, 54)","(51, 54)",True
0575,"(64, 72)","(60, 69)","(60, 69)",True
0576,"(55, 63)","(51, 61)","(51, 61)",True
0577,"(66, 71)","(63, 68)","(63, 68)",True
0578,"(61, 61)","(58, 58)","(58, 58)",True
0579,"(77, 78)","(73, 74)","(73, 74)",True
0580,"(82, 71)","(79, 67)","(79, 67)",True
0581,"(96, 118)","(91, 113)","(91, 113)",True
0582,"(72, 59)","(69, 55)","(69, 55)",True
0583,"(106, 94)","(102, 90)","(102, 90)",True
0584,"(84, 81)","(81, 77)","(81, 77)",True
0585,"(57, 69)","(54, 67)","(54, 67)",True
0586,"(75, 70)","(72, 67)","(72, 67)",True
0587,"(77, 97)","(73, 94)","(73, 94)",True
0588,"(59, 61)","(56, 58)","(56, 58)",True
0589,"(60, 67)","(58, 64)","(58, 64)",True
0590,"(80, 75)","(77, 72)","(77, 72)",True
0591,"(65, 67)","(62, 64)","(62, 64)",True
0592,"(58, 75)","(55, 72)","(55, 72)",True
0593,"(96, 169)","(89, 165)","(89, 165)",True
0594,"(64, 70)","(61, 67)","(61, 67)",True
0595,"(85, 63)","(83, 59)","(83, 59)",True
0596,"(65, 83)","(62, 80)","(62, 80)",True
0597,"(56, 53)","(53, 51)","(53, 51)",True
0598,"(97, 81)","(93, 76)","(93, 76)",True
0599,"(67, 72)","(63, 69)","(63, 69)",True
0600,"(66, 73)","(63, 69)","(63, 69)",True
0601,"(111, 69)","(108, 65)","(108, 65)",True
0602,"(63, 68)","(60, 65)","(60, 65)",True
0603,"(54, 65)","(51, 62)","(51, 62)",True
0604,"(53, 56)","(50, 54)","(50, 54)",True
0605,"(61, 54)","(58, 50)","(58, 50)",True
0606,"(56, 62)","(53, 59)","(53, 59)",True
0607,"(56, 54)","(53, 51)","(53, 51)",True
0608,"(110, 119)","(105, 116)","(105, 116)",True
0609,"(63, 66)","(60, 64)","(60, 64)",True
0610,"(87, 79)","(83, 74)","(83, 74)",True
0611,"(74, 74)","(71, 70)","(71, 70)",True
0612,"(85, 81)","(81, 77)","(81, 77)",True
0613,"(64, 65)","(61, 62)","(61, 62)",True
0614,"(83, 59)","(80, 55)","(80, 55)",True
0615,"(94, 63)","(91, 60)","(91, 60)",True
0616,"(78, 81)","(74, 77)","(74, 77)",True
0617,"(58, 63)","(55, 59)","(55, 59)",True
0618,"(69, 62)","(67, 59)","(67, 59)",True
0619,"(68, 80)","(65, 77)","(65, 77)",True
0620,"(62, 61)","(59, 58)","(59, 58)",True
0621,"(62, 67)","(59, 64)","(59, 64)",True
0622,"(53, 65)","(50, 62)","(50, 62)",True
0623,"(71, 64)","(68, 61)","(68, 61)",True
0624,"(59, 59)","(56, 55)","(56, 55)",True
